zone,hour,avg_count
B,19,129.66666666666666
B,11,129.5
B,12,125.5
C,09,125.33333333333333
A,13,124.5
A,10,124.0
